step,episode,return,length,moving_average_return,policy_loss,value_loss,entropy,approx_kl,explained_variance,learning_rate,fps
1364,1,-86.72727272727306,341.0,-86.72727272727306,-0.005884258076548576,1.2803292274475098,2.7610578536987305,0.0028858070727437735,-0.007031440734863281,0.00024948799999999997,86
1836,2,-95.0537313432839,459.0,-90.89050203527847,0.0008575152605772018,57.388031005859375,2.7621731758117676,0.000285686575807631,-0.0003132820129394531,0.000249232,86
2288,3,-95.28181818181868,572.0,-92.35427408412521,0.0010036621242761612,93.43067169189453,2.7630248069763184,0.008134681731462479,0.0002804994583129883,0.000248976,87
3352,4,-143.10959409594147,838.0,-105.04310408707927,-0.0016342271119356155,1.3804559707641602,2.7638673782348633,0.010974531061947346,0.008821308612823486,0.000248464,87
5368,5,-15.094339622641884,1000.0,-87.05335119419179,-0.008872278034687042,0.8394303917884827,2.7615699768066406,0.02828952670097351,0.07889163494110107,0.00024744,87
5840,6,-26.573426573426783,1000.0,-76.97336375739762,-0.0024867281317710876,1.4398448467254639,2.7607920169830322,0.018620526418089867,0.09608232975006104,0.000247184,87
6292,7,-74.57627118644068,1000.0,-76.63092196154663,-0.0016843490302562714,1.7570571899414062,2.7599422931671143,0.011784405447542667,0.11002719402313232,0.000246928,87
7356,8,-50.49504950495125,1000.0,-73.36393790447221,-0.007126609329134226,1.602802038192749,2.758094310760498,0.007887108251452446,0.21491128206253052,0.000246416,87
9372,9,-27.586206896552017,1000.0,-68.27752334803662,-0.007893312722444534,0.5211708545684814,2.7583248615264893,0.01095402892678976,0.21460872888565063,0.000245392,87
9844,10,-18.91891891891955,1000.0,-63.34166290512492,0.014069814234972,4.287192344665527,2.758664131164551,0.01644025929272175,0.17472130060195923,0.000245136,87
10296,11,-50.980392156863246,1000.0,-59.76697484808394,-0.006080761551856995,1.0915944576263428,2.75961971282959,0.0029285582713782787,0.16745275259017944,0.00024488,87
11360,12,-20.502092050209747,1000.0,-52.31181091877653,-0.002886444330215454,2.0862433910369873,2.7600784301757812,0.0016799625009298325,0.20608896017074585,0.000244368,87
13376,13,-18.727915194346426,1000.0,-44.65642062002931,-0.010736845433712006,7.967873573303223,2.76013445854187,0.005677192937582731,0.3632155656814575,0.00024334400000000002,87
13848,14,90.64748201438931,1000.0,-21.28071300899623,-0.010106079280376434,9.096478462219238,2.760129928588867,0.013048789463937283,0.5436772108078003,0.000243088,87
14020,15,-126.69603960396067,664.0,-32.44088300712811,-0.010106079280376434,9.096478462219238,2.760129928588867,0.013048789463937283,0.5436772108078003,0.000243088,87
14300,16,139.7260273972613,1000.0,-15.810937610059295,-0.010106079280376434,9.096478462219238,2.760129928588867,0.013048789463937283,0.5436772108078003,0.000243088,87
17380,17,287.6811594202906,1000.0,20.414805450613834,0.004483882337808609,5.286740779876709,2.7545084953308105,0.007436767686158419,0.6238617897033691,0.000241552,88
17852,18,71.97452229299743,1000.0,32.6617626304087,0.007704995572566986,4.151888370513916,2.7546334266662598,0.005334373097866774,0.7407040596008301,0.00024129600000000003,88
18024,19,58.844765342963555,1000.0,41.30485985436026,0.043270599097013474,3.460206985473633,2.75484299659729,0.11605972796678543,0.7637215256690979,0.00024104,87
18304,20,305.79710144927526,1000.0,73.77646189117975,0.043270599097013474,3.460206985473633,2.75484299659729,0.11605972796678543,0.7637215256690979,0.00024104,88
21384,21,259.87261146497156,1000.0,104.86176225336321,-0.024846907705068588,10.228530883789062,2.7553982734680176,0.019393250346183777,0.5088114738464355,0.000239504,87
21856,22,203.13588850174563,1000.0,127.22556030855876,0.0004702787846326828,11.903891563415527,2.7556090354919434,0.009441399946808815,0.5565904974937439,0.00023924799999999998,87
22028,23,361.8320610687011,1000.0,165.28155793486349,-0.0005310066044330597,9.814781188964844,2.7555630207061768,0.009404661133885384,-0.01895296573638916,0.00023899200000000002,87
22308,24,348.9051094890487,1000.0,191.10732068232943,-0.0005310066044330597,9.814781188964844,2.7555630207061768,0.009404661133885384,-0.01895296573638916,0.00023899200000000002,87
25388,25,376.19047619047336,1000.0,241.39597226177284,-0.012616937980055809,10.796486854553223,2.7551023960113525,0.006371965631842613,0.3480936884880066,0.000237456,87
25860,26,412.9151291512869,1000.0,268.7148824371754,0.011583490297198296,8.76248836517334,2.755850315093994,0.011407948099076748,0.23957055807113647,0.0002372,87
26032,27,309.2409240924066,1000.0,270.8708589043871,0.011583490297198296,8.76248836517334,2.755850315093994,0.011407948099076748,0.23957055807113647,0.0002372,87
26312,28,191.66666666667075,1000.0,282.84007334175436,-0.009274594485759735,6.598130702972412,2.7561380863189697,0.004664790816605091,0.4002370834350586,0.000236944,87
29392,29,497.70114942527766,1000.0,326.72571174998575,-0.010779716074466705,24.655380249023438,2.7564780712127686,0.0392627976834774,0.19540315866470337,0.00023540800000000002,87
29864,30,362.68656716417746,1000.0,332.414658321476,0.02137318253517151,20.064891815185547,2.756357192993164,0.020224904641509056,0.24036365747451782,0.000235152,87
30036,31,452.38095238094587,1000.0,351.6654924130734,0.02137318253517151,20.064891815185547,2.756357192993164,0.020224904641509056,0.24036365747451782,0.000235152,87
30316,32,511.51079136689657,1000.0,382.50298269958853,-0.0186927393078804,12.472393035888672,2.7562320232391357,0.006767150014638901,0.30510371923446655,0.000234896,87
33396,33,388.59934853419264,1000.0,385.1797114461377,-0.0011703744530677795,27.563560485839844,2.75555682182312,0.009735757485032082,0.635155439376831,0.00023336000000000003,87
33868,34,430.07518796992275,1000.0,393.29671929422506,0.0002203071489930153,20.342952728271484,2.75555419921875,0.0019788164645433426,0.6588928699493408,0.000233104,87
34040,35,429.7805642633185,1000.0,398.65572810150957,0.0002203071489930153,20.342952728271484,2.75555419921875,0.0019788164645433426,0.6588928699493408,0.000233104,87
34320,36,230.85501858736532,1000.0,380.4497170451174,-0.007525196298956871,12.955163955688477,2.7555348873138428,0.003755156183615327,0.7202572822570801,0.00023284800000000002,87
37400,37,712.9496402877567,1000.0,420.8205886646524,-0.0017018113285303116,26.9759521484375,2.7555181980133057,0.008181429468095303,0.7233157157897949,0.00023131199999999998,87
37872,38,343.7086092715123,1000.0,436.0247829251366,-0.0017018113285303116,26.9759521484375,2.7555181980133057,0.008181429468095303,0.7233157157897949,0.00023131199999999998,87
38044,39,351.1784511784489,1000.0,421.37251310045366,-0.0006043724715709686,22.59970474243164,2.755486249923706,0.002491989405825734,0.7025005221366882,0.00023105600000000002,87
38324,40,508.8435374149615,1000.0,435.9882101255321,-0.0006043724715709686,22.59970474243164,2.755486249923706,0.002491989405825734,0.7025005221366882,0.00023105600000000002,87
41404,41,245.1327433628359,1000.0,415.26338922372105,0.006288325414061546,4.459273815155029,2.755571126937866,0.004710276611149311,0.9057956337928772,0.00022952,87
41632,42,-124.77508090614951,896.0,351.63480199641646,-0.007701624184846878,13.198501586914062,2.755540370941162,0.015247967094182968,-1.0410199165344238,0.000229264,87
41876,43,140.28268551237204,1000.0,326.80313569423447,-0.007701624184846878,13.198501586914062,2.755540370941162,0.015247967094182968,-1.0410199165344238,0.000229264,87
42328,44,183.0882352941228,1000.0,302.1044404266544,-0.010113932192325592,97.82461547851562,2.7555148601531982,0.008412743918597698,0.48865336179733276,0.000229008,87
45408,45,306.9400630914717,1000.0,289.8203903094697,0.0006201015785336494,11.732248306274414,2.755734920501709,0.001089989091269672,0.8020479679107666,0.00022747200000000002,86
45636,46,356.37583892616385,1000.0,302.37247234334956,0.0068076178431510925,18.629009246826172,2.7557601928710938,0.010083748027682304,0.6405874490737915,0.000227216,86
45880,47,140.8026755852893,1000.0,245.1577758731029,0.0068076178431510925,18.629009246826172,2.7557601928710938,0.010083748027682304,0.6405874490737915,0.000227216,86
46332,48,123.72881355932671,1000.0,223.1597963018843,-0.003806866705417633,11.242913246154785,2.755777359008789,0.005414753220975399,0.8084784746170044,0.00022696,86
49412,49,295.77039274923504,1000.0,217.61899045896294,0.00025571882724761963,19.818702697753906,2.755779266357422,0.0006445825565606356,0.7112780809402466,0.00022542400000000003,86
49640,50,381.4814814814804,1000.0,204.88278486561484,0.00025571882724761963,19.818702697753906,2.755779266357422,0.0006445825565606356,0.7112780809402466,0.00022542400000000003,86
49884,51,696.4912280701631,1000.0,250.01863333634756,0.0014955215156078339,41.55162048339844,2.7557549476623535,0.0017738565802574158,0.36323028802871704,0.000225168,86
50336,52,139.1304347826133,1000.0,276.4091849052238,-0.002182415686547756,20.309057235717773,2.755730152130127,0.004138656426221132,0.7524017691612244,0.00022491200000000002,86
53416,53,622.6027397260162,1000.0,324.64119032658823,-0.004031296819448471,15.555824279785156,2.756697416305542,0.005978789180517197,0.7529633641242981,0.00022337599999999998,86
53644,54,452.18855218854065,1000.0,351.55122201603,-0.004031296819448471,15.555824279785156,2.756697416305542,0.005978789180517197,0.7529633641242981,0.00022337599999999998,86
53888,55,442.31974921629126,1000.0,365.089190628512,-0.0024132877588272095,28.64859390258789,2.7567386627197266,0.0013675362570211291,0.10829240083694458,0.00022312,86
54340,56,825.7641921397237,1000.0,412.028025949868,-0.0018620193004608154,28.447967529296875,2.7567663192749023,0.0036256497260183096,-0.1819518804550171,0.000222864,86
56128,57,-4.9656934306545395,620.0,397.45118904827353,0.0008908770978450775,12.671285629272461,2.7567901611328125,0.015218677930533886,0.8000732660293579,0.000222096,86
57092,58,113.2726907630562,800.0,396.40557676864654,-0.0010388121008872986,18.728900909423828,2.756791830062866,0.0009028278873302042,0.6730853915214539,0.000221584,86
57420,59,190.7801418439768,1000.0,385.9065516781207,-0.01679852046072483,113.09457397460938,2.7567899227142334,0.008072856813669205,0.3794894814491272,0.000221328,86
58344,60,305.6939501779249,1000.0,378.32779854776516,-0.014675071462988853,11.413883209228516,2.7567784786224365,0.02830679342150688,0.8496458530426025,0.000221072,86
60132,61,659.124087591229,1000.0,374.5910844998717,0.006949704140424728,20.337783813476562,2.757232189178467,0.031052425503730774,0.7136937379837036,0.000220048,86
61096,62,263.9344262295126,1000.0,387.0714836445617,-0.004764782264828682,15.11374568939209,2.757333755493164,0.0013456126907840371,-0.15740132331848145,0.00021953600000000002,86
61424,63,500.70671378091055,1000.0,374.88188105005105,-0.004764782264828682,15.11374568939209,2.757333755493164,0.0013456126907840371,-0.15740132331848145,0.00021953600000000002,86
62348,64,516.1971830985817,1000.0,381.28274414105516,-0.005594365298748016,7.912286281585693,2.7573013305664062,0.007087983191013336,0.7156004905700684,0.000219024,86
64136,65,537.8205128205059,1000.0,390.8328205014767,-0.009939276613295078,6.249758243560791,2.7571096420288086,0.007615701761096716,0.9234943389892578,0.000218,86
65100,66,245.51495016610622,1000.0,332.80789630411493,0.005450015887618065,4.9884443283081055,2.7570409774780273,0.012679900974035263,0.9441999197006226,0.00021748800000000003,86
65428,67,515.131578947359,1000.0,384.8176235419163,0.005450015887618065,4.9884443283081055,2.7570409774780273,0.012679900974035263,0.9441999197006226,0.00021748800000000003,86
66352,68,513.0030959752257,1000.0,424.79066406313325,-0.001058913767337799,8.202154159545898,2.7571213245391846,0.01416040025651455,-0.08877801895141602,0.00021697600000000002,86
68140,69,577.9026217228354,1000.0,463.5029120510191,-0.009962937794625759,10.634074211120605,2.7572312355041504,0.0074228523299098015,0.8000417351722717,0.00021595200000000002,86
69104,70,540.2877697841622,1000.0,486.9622940116428,-0.010319426655769348,8.630117416381836,2.7572977542877197,0.005373366642743349,0.8731966614723206,0.000215696,86
69432,71,293.65079365078566,1000.0,450.4149646175985,-0.01589025929570198,33.79252624511719,2.757354736328125,0.01390552707016468,0.5935090780258179,0.00021543999999999998,86
70356,72,463.13993174060414,1000.0,470.3355151687077,-0.004416078329086304,9.454845428466797,2.75736141204834,0.008731919340789318,0.9244729280471802,0.000214928,86
72144,73,20.80536912751718,1000.0,422.3453807033683,-0.0015759915113449097,10.754135131835938,2.757650136947632,0.014442309737205505,0.9222902059555054,0.00021416000000000002,86
73108,74,636.3013698630025,1000.0,434.3557993798104,-0.0016251318156719208,10.36018180847168,2.7578024864196777,0.0003457132261246443,0.8626516461372375,0.000213648,86
73436,75,500.6289308175975,1000.0,430.6366411795196,-0.0035074353218078613,27.636119842529297,2.7578091621398926,0.0005696830339729786,0.6622238159179688,0.000213392,86
74360,76,573.7588652482217,1000.0,463.46103268773106,-0.0009038001298904419,7.739623069763184,2.7577569484710693,0.006135637406259775,0.8843033313751221,0.00021288,86
76148,77,217.8807947019912,1000.0,433.73595426319434,0.006890488788485527,20.63482666015625,2.7576804161071777,0.012221358716487885,0.813529372215271,0.000212112,86
77112,78,210.44776119403426,1000.0,403.4804207850752,-0.01659845933318138,20.911041259765625,2.7575788497924805,0.0033164191991090775,0.41260701417922974,0.00021160000000000002,86
77440,79,421.7391304347736,1000.0,387.86407165626895,-0.01006864570081234,29.407032012939453,2.7574872970581055,0.0075642867013812065,0.3625839948654175,0.000211344,86
78364,80,227.16049382716577,1000.0,356.55134406056936,-0.0014289729297161102,17.666954040527344,2.7574868202209473,0.011080633848905563,0.7796553373336792,0.000210832,86
80152,81,408.19672131146905,1000.0,368.00593682663765,-0.0025691352784633636,10.261762619018555,2.757357120513916,0.02474495954811573,0.30189967155456543,0.000210064,86
81116,82,398.23321554770297,1000.0,361.51526520734757,-0.0032719168812036514,8.786758422851562,2.7572898864746094,0.009690150618553162,0.5385437607765198,0.00020955200000000003,86
81444,83,521.1604095563026,1000.0,411.55076925022615,-0.01583026722073555,16.00090789794922,2.7573046684265137,0.009224718436598778,0.359203040599823,0.000209296,86
82368,84,370.75208913648754,1000.0,384.9958411775746,-0.013527181930840015,12.172771453857422,2.7573256492614746,0.004301297478377819,0.023700237274169922,0.00020904000000000002,86
84156,85,601.7543859648999,1000.0,395.10838669230486,-0.0015624426305294037,13.575532913208008,2.7567970752716064,0.006335385609418154,0.36768901348114014,0.00020801600000000002,86
85120,86,269.4029850746181,1000.0,364.67279867494454,0.0030624601058661938,15.392105102539062,2.756843090057373,0.0025894194841384888,0.804283857345581,0.000207504,86
85448,87,409.80392156861785,1000.0,383.86511136160715,0.0030624601058661938,15.392105102539062,2.756843090057373,0.0025894194841384888,0.804283857345581,0.000207504,86
86372,88,520.0716845878025,1000.0,414.82750370098404,-0.004219748079776764,6.921505928039551,2.7569801807403564,0.009425058960914612,0.05570453405380249,0.00020699200000000003,86
88160,89,754.3307086614076,1000.0,448.0866615236474,-0.004343502223491669,20.404048919677734,2.756964683532715,0.009275505319237709,0.7013688087463379,0.00020596799999999998,86
89124,90,220.0000000000002,1000.0,447.3706121409308,-0.017113782465457916,9.974220275878906,2.756814479827881,0.014115877449512482,0.8555579781532288,0.000205456,86
89452,91,251.6819571865495,1000.0,431.71913572843886,-0.017113782465457916,9.974220275878906,2.756814479827881,0.014115877449512482,0.8555579781532288,0.000205456,86
90376,92,628.1249999999889,1000.0,454.7083141736674,-0.002262171357870102,5.9757513999938965,2.756690502166748,0.003413117490708828,0.20583075284957886,0.000204944,86
92164,93,550.8474576271066,1000.0,457.67701898074785,0.024287933483719826,17.024415969848633,2.7566609382629395,0.03479895740747452,0.39986419677734375,0.00020391999999999999,86
93128,94,371.7607973421822,1000.0,457.77788980131726,-0.018584925681352615,15.708857536315918,2.756666421890259,0.011156782507896423,0.7896460294723511,0.00020366400000000002,86
93456,95,429.60526315788286,1000.0,440.5629775206156,0.0018007457256317139,41.66362380981445,2.756627321243286,0.003303027944639325,0.2690305709838867,0.000203408,86
94380,96,422.72727272726405,1000.0,455.8954062858802,-0.0031468085944652557,21.707462310791016,2.7565531730651855,0.0024415780790150166,0.7699569463729858,0.000202896,86
95708,97,6.2882352941200566,644.0,415.5438376584304,-0.012380514293909073,25.195362091064453,2.7565078735351562,0.003608531318604946,0.5858681201934814,0.000202384,86
96168,98,369.6485623003189,1000.0,400.5015254296821,0.001054263673722744,120.42341613769531,2.756500482559204,0.0036835167557001114,0.4232591986656189,0.00020212800000000001,86
97460,99,676.5151515151393,1000.0,392.71996971505524,0.008564075455069542,13.937933921813965,2.7568628787994385,0.022373216226696968,0.7995637059211731,0.00020135999999999998,86
98384,100,481.74904942964764,1000.0,418.89487465802006,-0.011402448639273643,17.273361206054688,2.756969451904297,0.00911291129887104,0.6960382461547852,0.000200848,86
99712,101,364.96815286622984,1000.0,430.223494225988,-0.0073996856808662415,11.156312942504883,2.756985902786255,0.0016337943961843848,0.7631199359893799,0.00020033600000000001,86
100172,102,617.9487179487099,1000.0,429.2058660208601,-0.007615340873599052,28.897724151611328,2.756967782974243,0.0037160818465054035,0.3059964179992676,0.00020008000000000002,86
101464,103,470.88122605362673,1000.0,421.2092428635122,0.002313125878572464,5.509319305419922,2.7569682598114014,0.014166573993861675,0.9426170587539673,0.000199312,86
102388,104,585.6187290969795,1000.0,442.59503603899185,0.0014614351093769073,9.30682373046875,2.756986618041992,0.015310402028262615,0.804259717464447,0.00019905600000000003,86
103716,105,524.6153846153766,1000.0,452.0960481847413,0.009755187667906284,6.213980674743652,2.7567923069000244,0.003882591612637043,0.3043045401573181,0.000198288,86
104176,106,594.7368421052512,1000.0,469.29700512254004,-0.007214002311229706,15.298643112182617,2.7567644119262695,0.010527580045163631,0.33624255657196045,0.00019803199999999998,86
105468,107,586.7924528301768,1000.0,527.3474268761456,0.007871526293456554,6.447922706604004,2.756772518157959,0.017441697418689728,-0.08038592338562012,0.00019752,86
106392,108,504.9382716049311,1000.0,540.8763978066069,-0.003567121922969818,16.463401794433594,2.7568907737731934,0.004508618731051683,0.7587672472000122,0.000197008,86
107720,109,346.80851063829834,1000.0,507.90573371892276,0.015015482902526855,7.513764381408691,2.756838798522949,0.04258348047733307,0.39165401458740234,0.00019624,86
108180,110,580.2973977695073,1000.0,517.7605685529088,0.012370537966489792,19.103633880615234,2.756788730621338,0.009040319360792637,0.07054644823074341,0.00019598399999999999,86
109472,111,463.5738831615047,1000.0,527.6211415824362,-0.007056737318634987,12.518033981323242,2.7565362453460693,0.03396888077259064,0.7056392431259155,0.000195472,86
110396,112,453.7459283387554,1000.0,511.2008626214407,0.0009034536778926849,3.153834819793701,2.756422281265259,0.008003054186701775,0.31272071599960327,0.00019496,86
111724,113,369.999999999996,1000.0,501.11274001607774,-0.015635652467608452,8.859955787658691,2.756392240524292,0.008476301096379757,0.8657625913619995,0.00019419200000000001,86
112184,114,393.7106918238922,1000.0,481.921936288769,-0.0008879341185092926,6.288674354553223,2.7563931941986084,0.005993911996483803,0.8680897951126099,0.000193936,86
113476,115,267.78115501520136,1000.0,456.23851332875137,-0.01808958500623703,4.868818283081055,2.756211757659912,0.009481623768806458,0.9453516602516174,0.00019342399999999998,86
114400,116,484.41558441557953,1000.0,445.20638755978433,0.008354728110134602,10.239740371704102,2.7561190128326416,0.01601012423634529,0.013895094394683838,0.000192912,86
115728,117,674.193548387087,1000.0,453.94649711547527,0.025508809834718704,6.480457782745361,2.7558553218841553,0.025799503549933434,0.20448684692382812,0.00019214400000000002,86
116188,118,560.8391608391532,1000.0,459.53658603889755,0.025508809834718704,6.480457782745361,2.7558553218841553,0.025799503549933434,0.20448684692382812,0.00019214400000000002,86
117480,119,676.1194029850614,1000.0,492.4676752735738,-0.009689480066299438,16.85042953491211,2.7553210258483887,0.008990930393338203,0.11716008186340332,0.000191376,86
118404,120,622.2222222222122,1000.0,496.6601577188443,0.0063895732164382935,19.941455841064453,2.755222797393799,0.026533860713243484,0.8021015524864197,0.000190864,86
119732,121,259.99999999998937,1000.0,476.30276940269266,-0.007358580827713013,21.439929962158203,2.7553322315216064,0.001174788805656135,0.8259053230285645,0.000190352,86
120192,122,444.4444444444312,1000.0,475.3726210132603,-0.004509840160608292,26.636898040771484,2.755380630493164,0.0012173508293926716,0.7612571716308594,0.000190096,86
121484,123,505.6782334384787,1000.0,488.9404443571087,0.03220211714506149,15.9528226852417,2.7554092407226562,0.06155545264482498,-0.22418856620788574,0.000189328,86
122408,124,650.8896797152905,1000.0,514.6583431462484,-0.005365176126360893,28.278831481933594,2.755436897277832,0.006046812050044537,0.7352412939071655,0.000188816,86
123736,125,701.4440433212885,1000.0,558.0246319768571,-0.007007185369729996,4.696850776672363,2.7555055618286133,0.0017693705158308148,0.016000449657440186,0.000188304,86
124196,126,483.02583025829887,1000.0,557.885656561129,0.00604928657412529,31.220781326293945,2.7555036544799805,0.009568956680595875,-0.17200684547424316,0.00018804799999999999,86
125488,127,639.7769516728514,1000.0,554.4439968897055,0.0040715541690588,12.174747467041016,2.755976438522339,0.016447337344288826,0.698857307434082,0.00018728,86
126412,128,422.2551928783308,1000.0,540.5856000936232,0.0091661736369133,20.356624603271484,2.7561278343200684,0.044657401740550995,0.5272148251533508,0.000187024,86
127740,129,544.1947565542968,1000.0,527.3931354505469,-0.011222988367080688,18.314281463623047,2.7565090656280518,0.004432136658579111,0.8109442591667175,0.00018625600000000001,86
128200,130,627.5985663082321,1000.0,527.9307698591488,-0.002341480925679207,30.980220794677734,2.7565155029296875,0.01725558191537857,0.7247889041900635,0.000186,86
129492,131,312.75167785233765,1000.0,533.2059376443838,-0.0045142872259020805,19.82476806640625,2.756361961364746,0.006801377981901169,0.8289541602134705,0.00018548799999999998,86
130416,132,291.6913946587473,1000.0,517.9306326658152,-0.0015135668218135834,17.198932647705078,2.756410837173462,0.027076376602053642,0.9075117111206055,0.000184976,86
131744,133,183.33333333333846,1000.0,485.6961426553013,0.009085718542337418,14.8372163772583,2.7567262649536133,0.01572924479842186,0.9073014259338379,0.000184208,86
132204,134,23.45679012345873,1000.0,422.95285369611804,-0.0009087622165679932,25.253334045410156,2.75679612159729,0.0060897208750247955,0.8259807825088501,0.000183952,86
133496,135,285.62091503266754,1000.0,381.37054086725595,-0.00019296351820230484,28.40634536743164,2.7569875717163086,0.004623745568096638,0.8206595182418823,0.00018344,86
134420,136,295.70552147238647,1000.0,362.6385099886647,0.04553886875510216,7.713456153869629,2.7572388648986816,0.060188308358192444,0.9620001912117004,0.00018292799999999998,86
135748,137,92.59259259259758,1000.0,307.9200740806393,0.0050827558152377605,18.58700180053711,2.757558822631836,0.004788297228515148,0.6679818630218506,0.00018216,86
136208,138,190.0763358778671,1000.0,284.70218838059293,-0.0018860921263694763,37.33584213256836,2.7575864791870117,0.0006294079357758164,0.8236786723136902,0.000181904,86
137500,139,229.824561403508,1000.0,253.2651688655141,-0.0027903271839022636,34.807186126708984,2.7575573921203613,0.004346153698861599,-0.06641602516174316,0.000181392,86
138424,140,27.27272727272964,1000.0,193.23258496196382,0.04465556889772415,18.047277450561523,2.7572412490844727,0.08506450057029724,0.9419837594032288,0.00018088,86
139752,141,101.83486238532635,1000.0,172.1409034152627,0.004944523796439171,12.347658157348633,2.7565746307373047,0.010224242694675922,0.9479104280471802,0.000180368,86
140212,142,-25.566343042072003,1000.0,140.41512964518077,0.0036651138216257095,18.813486099243164,2.756474494934082,0.03929697349667549,0.7180719375610352,0.00018011199999999999,86
141504,143,185.18518518518994,1000.0,140.60031483036593,-0.003273146227002144,26.239139556884766,2.756417989730835,0.0018782195402309299,0.8799328804016113,0.000179344,86
142428,144,250.48231511254465,1000.0,163.30286732927453,-0.012254638597369194,23.997398376464844,2.756345272064209,0.0040225014090538025,0.8190388679504395,0.000178832,86
143756,145,149.01185770751468,1000.0,149.64196159675924,-0.004681233316659927,36.1049690246582,2.7563095092773438,0.005231339484453201,0.8336887359619141,0.00017832000000000001,86
144216,146,294.8339483394684,1000.0,149.55480428346746,-0.007507309317588806,19.590206146240234,2.756317377090454,0.009542012587189674,0.7855005264282227,0.000178064,86
145508,147,40.06514657980766,1000.0,144.30205968218846,-0.004357285797595978,21.98137664794922,2.7563018798828125,0.0029389692936092615,0.9232646226882935,0.00017729600000000002,86
146432,148,49.50166112957188,1000.0,130.24459220735892,-0.0065736472606658936,25.58047866821289,2.756258726119995,0.009476915933191776,0.9048073291778564,0.00017704,86
147760,149,457.4912891985937,1000.0,153.0112649868675,-0.012670546770095825,14.755688667297363,2.7561514377593994,0.005998034495860338,0.8996009826660156,0.000176272,86
148220,150,341.69611307419433,1000.0,184.45360356701394,-0.007350827567279339,47.84444046020508,2.756110191345215,0.00341601250693202,0.6005092859268188,0.000176016,86
149512,151,219.52662721893586,1000.0,196.2227800503749,-0.005993606522679329,20.695207595825195,2.755958080291748,0.005050573498010635,0.8699762225151062,0.00017524800000000003,86
150436,152,249.29577464789207,1000.0,223.7089918193713,-0.007230525836348534,17.935134887695312,2.7557969093322754,0.006626940798014402,0.723903477191925,0.00017499199999999998,86
151764,153,475.07987220446876,1000.0,252.69846052129918,-0.0048268623650074005,21.07065200805664,2.755537271499634,0.011350618675351143,-0.006584882736206055,0.000174224,86
152224,154,728.3828382838187,1000.0,300.4885128384266,0.021295905113220215,28.596450805664062,2.755397081375122,0.0174380075186491,0.3101675510406494,0.000173968,86
153516,155,561.8705035971076,1000.0,341.7743774273859,-0.017113642767071724,18.13660430908203,2.7552576065063477,0.029416628181934357,0.7367756366729736,0.000173456,86
154440,156,327.1186440677842,1000.0,345.00284700021746,-0.005233359523117542,22.231142044067383,2.755272388458252,0.009208843111991882,0.8626522421836853,0.000172944,86
155768,157,779.9999999999892,1000.0,418.99633234223563,-0.007950149476528168,19.84454345703125,2.7552342414855957,0.007694224361330271,0.941482663154602,0.00017217599999999999,86
156228,158,472.8155339805706,1000.0,461.3277196273355,-0.0022294027730822563,23.05893325805664,2.755204439163208,0.011770169250667095,0.850975751876831,0.00017192000000000002,86
157520,159,771.2121212121062,1000.0,492.69980282868676,-0.008950643241405487,21.37995719909668,2.755173683166504,0.006802447605878115,0.8807624578475952,0.000171408,86
158444,160,390.79754601225807,1000.0,497.60994612249317,-0.010159241035580635,22.86492347717285,2.7552223205566406,0.003283063881099224,0.8755992650985718,0.000170896,87
159772,161,649.9999999999908,1000.0,540.6572834005985,0.006937447469681501,30.499839782714844,2.755145788192749,0.01694589853286743,0.6510905027389526,0.000170128,87
160232,162,383.1081081081016,1000.0,554.0385167466196,0.006937447469681501,30.499839782714844,2.755145788192749,0.01694589853286743,0.6510905027389526,0.000170128,87
161524,163,457.3770491803216,1000.0,552.2682344442048,-0.004673551768064499,39.09772491455078,2.755239963531494,0.004018839914351702,0.5549207925796509,0.00016936000000000002,87
162448,164,763.6363636363491,1000.0,555.793586979458,-0.00015551969408988953,47.8887939453125,2.7552521228790283,0.0006595925660803914,0.4775519371032715,0.000168848,87
163776,165,667.361111111096,1000.0,566.3426477308568,-0.007733046542853117,40.26274871826172,2.7551560401916504,0.0038571024779230356,0.7621589303016663,0.000168336,88
164236,166,371.42857142856025,1000.0,570.7736404669344,-0.002210462000221014,31.734424591064453,2.7551183700561523,0.005039219744503498,0.6245474815368652,0.00016808,88
165528,167,380.70175438595595,1000.0,530.843815905531,0.004323966801166534,26.45439338684082,2.7553091049194336,0.005001120734959841,0.8836528062820435,0.00016731200000000003,88
166452,168,357.2490706319589,1000.0,519.2871695706698,-0.005101718008518219,15.563414573669434,2.7554092407226562,0.00528364721685648,0.9180059432983398,0.00016680000000000002,88
167780,169,485.9649122806851,1000.0,490.76244867752774,-0.009072154760360718,27.428752899169922,2.7554008960723877,0.005561550613492727,0.8655773401260376,0.000166288,88
168240,170,341.9354838709667,1000.0,485.8762424633986,-0.009689598344266415,38.42164611816406,2.7554373741149902,0.01329097617417574,0.6771275997161865,0.000166032,89
169532,171,344.44444444444537,1000.0,455.320686907844,-0.0006638485938310623,26.967187881469727,2.7555391788482666,0.010255957953631878,0.8567904829978943,0.000165264,89
170456,172,253.95189003436835,1000.0,442.4050651004707,-0.00493847019970417,14.30708122253418,2.755621910095215,0.004273700527846813,0.9395262598991394,0.000165008,89
171784,173,293.6170212765864,1000.0,426.0290623100972,0.008154505863785744,21.465173721313477,2.7558932304382324,0.03172353655099869,0.908023476600647,0.00016424,89
172244,174,156.49350649351143,1000.0,365.3147765958135,-0.007798505946993828,52.42479705810547,2.7559523582458496,0.005645161494612694,0.6061501502990723,0.00016398400000000002,89
173536,175,150.9505703422096,1000.0,313.6737225189248,-0.0027161985635757446,19.159629821777344,2.755969285964966,0.0014109748881310225,0.892930269241333,0.000163472,90
174460,176,240.90909090909648,1000.0,300.6217744669785,-0.009281719103455544,16.05259895324707,2.7560203075408936,0.002822285983711481,0.9113947153091431,0.00016296,90
175092,177,-8.214285714282141,826.0,261.7301704569546,0.0031837476417422295,48.20075225830078,2.7559823989868164,0.0028955494053661823,0.7812085151672363,0.000162704,90
176248,178,152.6690391459127,1000.0,241.27216730835002,-0.010500647127628326,16.504451751708984,2.7559964656829834,0.014523318968713284,0.9136915802955627,0.000161936,90
177540,179,305.7507987220474,1000.0,223.25075595248623,-0.0016361698508262634,23.27490997314453,2.755988597869873,0.004934859462082386,0.9320311546325684,0.00016142400000000002,90
178464,180,175.167785234904,1000.0,206.57398608887996,-0.005397917702794075,17.405672073364258,2.75604248046875,0.0008584655588492751,0.9463942050933838,0.000160912,91
179096,181,334.3434343434212,1000.0,205.56388507877756,-0.005991330370306969,22.70611000061035,2.756077289581299,0.003261325415223837,0.9162130951881409,0.000160656,91
180252,182,430.1204819276963,1000.0,223.18074426811032,-0.0035949908196926117,36.16351318359375,2.7561962604522705,0.0008565735770389438,0.7126736044883728,0.000159888,91
181544,183,564.1509433962116,1000.0,250.23413648007286,0.004303319379687309,41.04853820800781,2.756201982498169,0.008095284923911095,0.8329774141311646,0.00015937600000000003,91
182468,184,369.87951807228984,1000.0,271.5727376379507,-0.01623627170920372,32.03162384033203,2.756098747253418,0.02450224570930004,0.6994418501853943,0.00015886400000000002,91
183100,185,719.9999999999887,1000.0,328.4776806037286,-0.0019009197130799294,44.06890869140625,2.7560625076293945,0.003728654468432069,0.6547650098800659,0.000158608,91
184256,186,515.3846153846022,1000.0,355.9252330512792,-0.008176354691386223,14.753829956054688,2.7559521198272705,0.00605829106643796,0.6106873750686646,0.000158096,92
185548,187,613.2616487455126,1000.0,418.0728264972587,-0.0257800854742527,25.550559997558594,2.755913734436035,0.009603670798242092,0.6476465463638306,0.000157328,92
186472,188,536.9047619047515,1000.0,456.4963987731426,-0.011178692802786827,29.7271728515625,2.75604248046875,0.01512567512691021,0.7056902647018433,0.00015681600000000002,92
187104,189,496.15384615384056,1000.0,475.53670351632184,-0.007384687662124634,38.6593017578125,2.756155490875244,0.004900029394775629,0.8046095371246338,0.00015656,92
188260,190,511.11111111109574,1000.0,509.131036103941,-0.0034160688519477844,38.66710662841797,2.756344795227051,0.005364038050174713,0.7236902713775635,0.00015604800000000002,92
189552,191,517.9401993355328,1000.0,527.4907126031522,-0.008684732019901276,30.801620483398438,2.756310224533081,0.009285460226237774,0.8016594648361206,0.00015528000000000002,92
190476,192,350.84745762711145,1000.0,519.5634101730936,-0.009672483429312706,29.032798767089844,2.7561583518981934,0.002415021415799856,0.8623318672180176,0.00015476800000000003,93
191108,193,109.726443769002,1000.0,474.1209602103728,-0.0012636519968509674,18.9892520904541,2.756101369857788,0.0090287234634161,0.9302170276641846,0.000154512,93
191740,194,23.772413793104505,315.0,439.51024978245425,0.004978898912668228,20.632919311523438,2.7560582160949707,0.026193896308541298,0.8963274359703064,0.000154256,93
192264,195,297.8873239436479,1000.0,397.2989821768201,-0.0005293507128953934,129.13253784179688,2.7560651302337646,0.014758639968931675,0.5509679317474365,0.000154,93
193556,196,338.16254416959754,1000.0,379.5767750553196,0.0031059514731168747,33.24613952636719,2.756025791168213,0.008262190036475658,0.8095839023590088,0.00015323199999999997,93
193864,197,18.52857142857377,530.0,320.10346732362575,0.0031059514731168747,33.24613952636719,2.756025791168213,0.008262190036475658,0.8095839023590088,0.00015323199999999997,93
195112,198,111.26760563380765,1000.0,277.5397516965314,-0.0010143518447875977,24.733535766601562,2.75614857673645,0.013592924922704697,0.9078200459480286,0.000152464,93
196268,199,598.5294117646906,1000.0,287.77730825761637,-0.0013545751571655273,19.557327270507812,2.756242513656616,0.00922416616231203,0.9206296801567078,0.000151952,94
197560,200,403.49650349650244,1000.0,277.0158474961571,-0.007184606045484543,26.991764068603516,2.7562055587768555,0.006881901528686285,0.8230684995651245,0.00015144000000000003,94
197868,201,399.999999999984,1000.0,265.22182756260224,-0.00864642858505249,29.081390380859375,2.7562296390533447,0.004194946028292179,0.8627548813819885,0.00015118399999999998,94
199116,202,369.6969696969556,1000.0,267.1067787695866,0.007597863674163818,18.974014282226562,2.756375789642334,0.02610117755830288,0.9615728259086609,0.000150672,94
200272,203,557.142857142847,1000.0,311.84842010697105,-0.007806023582816124,18.48090362548828,2.7571005821228027,0.0017325577791780233,0.9186903238296509,0.000149904,94
201564,204,313.1147540983529,1000.0,340.78265413749597,-0.003243621438741684,23.103008270263672,2.756972074508667,0.0007506893016397953,0.8917750120162964,0.000149392,94
201872,205,370.5882352941089,1000.0,348.05274527254204,-0.008092440664768219,34.579566955566406,2.756939649581909,0.00658121332526207,0.8358513712882996,0.000149136,94
203120,206,246.4285714285769,1000.0,338.87934799844,-0.005497254431247711,16.88559913635254,2.7569570541381836,0.006319678388535976,0.9411556124687195,0.000148624,95
204276,207,283.60655737703473,1000.0,365.38714659328605,-0.004547201097011566,19.001033782958984,2.756934404373169,0.00830966979265213,0.9040287137031555,0.000148112,95
205568,208,416.8195718654362,1000.0,395.9423432164489,-0.0055081723257899284,20.85567283630371,2.7569384574890137,0.009995928965508938,0.868066132068634,0.00014734400000000002,95
205876,209,256.4668769716111,1000.0,361.736089737141,-0.008708164095878601,41.13275909423828,2.757033348083496,0.0024948734790086746,0.7444045543670654,0.000147088,95
207124,210,329.48717948717666,1000.0,354.3351573362084,-0.006756395101547241,22.2607421875,2.7572784423828125,0.003673138562589884,0.8560139536857605,0.000146576,95
208280,211,201.88679245283518,1000.0,334.5238365814936,-0.010965308174490929,16.704832077026367,2.7574915885925293,0.0072999922558665276,0.9156611561775208,0.000146064,95
209572,212,295.6834532373975,1000.0,327.1224849355377,-0.013012252748012543,22.982173919677734,2.7577507495880127,0.014623763971030712,0.8921113014221191,0.00014529599999999997,96
209880,213,510.38961038959735,1000.0,322.44716026021274,-0.013012252748012543,22.982173919677734,2.7577507495880127,0.014623763971030712,0.8921113014221191,0.00014529599999999997,96
211128,214,414.184397163107,1000.0,332.55412456668813,-0.004025422036647797,43.83436965942383,2.757833957672119,0.0032216981053352356,0.7825862765312195,0.000144528,96
211792,215,-0.05901639344060072,477.0,295.4893993979332,-0.004475494846701622,40.38160705566406,2.7578322887420654,0.00161624769680202,0.8467377424240112,0.000144272,96
212284,216,382.2485207100585,1000.0,309.07139432608136,-0.001279601827263832,197.41366577148438,2.7578864097595215,0.007491572760045528,0.45704805850982666,0.000144016,96
213576,217,539.6761133603064,1000.0,334.6783499244085,-0.008115066215395927,34.42719268798828,2.7579848766326904,0.002977540483698249,0.8047086000442505,0.00014324799999999998,96
215132,218,166.66666666667177,1000.0,309.66305940453213,0.009038019925355911,48.326698303222656,2.758214235305786,0.0042907134629786015,0.6869604587554932,0.00014248,96
215796,219,540.4109589041008,1000.0,338.05746759778106,-0.0106579028069973,34.40768814086914,2.7582356929779053,0.0036770962178707123,0.8208863139152527,0.000142224,97
216288,220,401.69491525422325,1000.0,345.27824117448574,-0.014513581991195679,15.221784591674805,2.758275032043457,0.0067548248916864395,0.9171607494354248,0.000141968,97
217580,221,148.42767295597966,1000.0,339.9323292248001,-0.0036780089139938354,28.605642318725586,2.7584686279296875,0.0017772297142073512,0.8134168386459351,0.000141456,97
219136,222,287.8205128205039,1000.0,339.1460351831108,-0.012177061289548874,28.698410034179688,2.7585370540618896,0.0059881675988435745,0.7677873373031616,0.00014068799999999998,97
219800,223,358.86075949366375,1000.0,323.99315009351744,-0.006015107035636902,14.470739364624023,2.7586069107055664,0.014568780548870564,0.9386149644851685,0.000140176,97
220292,224,260.1286173633453,1000.0,308.5875721135413,-0.002949254587292671,24.400171279907227,2.7586941719055176,0.0029444689862430096,0.852837324142456,0.00013992,97
221584,225,209.09090909090884,1000.0,329.5025646619762,-0.004269156605005264,20.506282806396484,2.7587363719940186,0.017461329698562622,0.8970169425010681,0.00013940800000000002,97
223140,226,325.6055363321703,1000.0,323.83826622418735,-0.002347927540540695,22.972156524658203,2.758457660675049,0.013116157613694668,0.473844051361084,0.00013864,98
223804,227,291.0034602075995,1000.0,298.97100090891666,-0.011567341163754463,36.27069854736328,2.758310317993164,0.0029083085246384144,0.8453927040100098,0.000138128,98
224296,228,273.7704918032751,1000.0,309.681383422577,-0.009754680097103119,14.272156715393066,2.7582106590270996,0.007624244783073664,0.9317271709442139,0.000137872,98
225588,229,309.37499999999716,1000.0,286.57778753216667,-0.0037321150302886963,29.307241439819336,2.7581229209899902,0.018404409289360046,0.8413010835647583,0.00013735999999999997,98
227144,230,246.03174603175023,1000.0,271.01147060991934,-0.013631284236907959,20.410533905029297,2.7581682205200195,0.015985310077667236,0.8525041341781616,0.000136592,98
227808,231,521.5277777777652,1000.0,308.3214810920979,-0.00033434852957725525,39.049591064453125,2.758181571960449,0.009837834164500237,0.7096413969993591,0.000136336,98
228300,232,431.5315315315212,1000.0,322.69258296319964,-0.006852325052022934,36.738372802734375,2.75818133354187,0.0024922043085098267,0.40107494592666626,0.00013608,98
229592,233,126.27737226277875,1000.0,299.4342442401112,-0.006166687235236168,14.682014465332031,2.758066415786743,0.01811518520116806,0.9376931190490723,0.00013531199999999998,98
231148,234,457.27554179566124,1000.0,319.1489366833428,-0.0019478723406791687,33.64896011352539,2.758208751678467,0.010512778535485268,0.6928799748420715,0.000134544,99
231812,235,765.6716417910282,1000.0,374.80700995335474,-0.004772670567035675,44.062034606933594,2.758183240890503,0.001862451434135437,0.6424678564071655,0.000134288,99
232304,236,666.4233576642191,1000.0,408.88879208655965,-0.019281335175037384,28.851388931274414,2.7582106590270996,0.015464624390006065,0.7807426452636719,0.000134032,99
233596,237,490.0383141762369,1000.0,428.7922774834233,-0.01349666714668274,20.236474990844727,2.7580251693725586,0.015432098880410194,0.8464443683624268,0.000133264,99
235152,238,369.31407942236837,1000.0,438.3466362453326,-0.008132422342896461,21.464445114135742,2.7576918601989746,0.004898790270090103,0.8628321886062622,0.000132496,99
235816,239,266.3366336633527,1000.0,434.0427996116681,-0.005263995379209518,44.011024475097656,2.7576544284820557,0.0049061765894293785,0.6404072046279907,0.00013224,99
236308,240,678.1569965870139,1000.0,477.2553246671945,-0.004333440214395523,18.53301429748535,2.7575888633728027,0.011489113792777061,0.8974094390869141,0.000131984,99
237600,241,460.43956043954836,1000.0,471.1465029333729,-0.010568303987383842,18.301097869873047,2.757735252380371,0.01113178487867117,0.8614532947540283,0.000131216,99
239156,242,266.66666666666157,1000.0,454.66001644688697,-0.001968853175640106,16.972949981689453,2.7577922344207764,0.005536477081477642,0.8774157762527466,0.00013044800000000002,100
239820,243,523.655913978481,1000.0,494.3978706184571,-0.009068405255675316,20.58806037902832,2.7577311992645264,0.007859447039663792,0.8505657911300659,0.000130192,100
240312,244,203.92156862745597,1000.0,469.0624733016366,-0.004426674917340279,42.01906204223633,2.7577178478240967,0.004721608944237232,0.2965978980064392,0.000129936,100
241604,245,335.81081081081356,1000.0,426.0763902036151,-0.014393296092748642,27.74774169921875,2.757798194885254,0.016670718789100647,0.2470846176147461,0.000129424,100
243160,246,727.8388278388157,1000.0,432.21793722107475,-0.011411964893341064,17.603687286376953,2.7577991485595703,0.011165721341967583,0.9553751945495605,0.000128656,100
243824,247,248.7544483985652,1000.0,408.08955064330763,0.008351465687155724,2.348480701446533,2.757491111755371,0.0292376521974802,0.9946169257164001,0.00012814399999999998,100
244316,248,495.81881533099715,1000.0,420.7400242341705,0.0008511543273925781,5.0196051597595215,2.7573299407958984,0.016761604696512222,0.9821051359176636,0.000127888,100
245608,249,128.66894197952703,1000.0,406.9732550657879,-0.011310236528515816,12.036779403686523,2.757086753845215,0.008983089588582516,0.966503918170929,0.00012737599999999998,100
247164,250,675.3623188405692,1000.0,406.69378729114345,-0.014059171080589294,21.939071655273438,2.756838083267212,0.013010391965508461,0.8315892815589905,0.000126608,101
247828,251,680.14184397162,1000.0,428.6640156443506,-0.01308811828494072,17.702072143554688,2.7571425437927246,0.021072126924991608,0.9301533102989197,0.000126096,101
248320,252,503.22580645160247,1000.0,452.31992962284465,-0.01308811828494072,17.702072143554688,2.7571425437927246,0.021072126924991608,0.9301533102989197,0.000126096,101
249612,253,309.96168582374,1000.0,430.9505068073706,0.011346371844410896,9.540826797485352,2.7563788890838623,0.061514921486377716,0.9622550010681152,0.000125328,101
251168,254,558.5365853658409,1000.0,466.41200848120917,-0.006725076586008072,16.39896583557129,2.7557008266448975,0.005940786562860012,0.9120064973831177,0.00012456000000000001,101
251832,255,756.6176470588094,1000.0,508.4926921060088,-0.004356082528829575,25.10002899169922,2.755786180496216,0.003064564662054181,0.8180392980575562,0.000124304,101
252324,256,709.1872791519319,1000.0,506.6275372373203,0.0006830058991909027,30.8990478515625,2.7558608055114746,0.0008895541541278362,-0.08550715446472168,0.000124048,101
253616,257,552.5974025973927,1000.0,537.0118326572031,-0.019843071699142456,14.909236907958984,2.7566394805908203,0.05493734031915665,0.856482982635498,0.00012328,101
255172,258,578.2334384857928,1000.0,545.2532949726827,-0.00351630337536335,7.564021110534668,2.7565863132476807,0.021151861175894737,0.26902854442596436,0.00012251200000000002,102
255836,259,773.5177865612562,1000.0,609.7381794308556,-0.006049152463674545,44.087005615234375,2.756422758102417,0.002671455731615424,0.17160028219223022,0.000122256,102
256328,260,526.3736263736182,1000.0,594.8393101841605,0.01905595138669014,31.666799545288086,2.7563934326171875,0.06353771686553955,-0.002890944480895996,0.000122,102
257620,261,626.6666666666566,1000.0,589.4917924536642,-0.002189500257372856,9.29010009765625,2.756572961807251,0.01043654140084982,0.13760656118392944,0.00012123200000000001,102
259176,262,702.0833333333198,1000.0,609.377545141836,-0.007162757217884064,10.74277114868164,2.7565155029296875,0.0031228219158947468,0.19294941425323486,0.00012046399999999999,102
259840,263,519.3548387096683,1000.0,630.3168604304285,-0.007063575088977814,32.95009994506836,2.756594181060791,0.00489811971783638,0.18365639448165894,0.00012020800000000001,102
260332,264,836.0902255638933,1000.0,658.0722244502338,0.009944533929228783,31.535564422607422,2.7565746307373047,0.014537637121975422,0.20045650005340576,0.000119952,102
261624,265,680.0687285223239,1000.0,650.4173325965854,-0.002007177099585533,4.601900100708008,2.756571054458618,0.003930281847715378,-0.020896196365356445,0.00011944,102
263180,266,707.9710144927453,1000.0,650.2957061306668,-0.00013963505625724792,10.362838745117188,2.757169246673584,0.0034332070499658585,-0.005743980407714844,0.000118416,102
263844,267,657.3770491803172,1000.0,660.7736707889592,-0.013971664011478424,18.643112182617188,2.7572550773620605,0.014141909778118134,0.25967490673065186,0.00011816,103
264336,268,655.8528428093522,1000.0,668.5356112213151,-0.0012740306556224823,30.021682739257812,2.7572546005249023,0.005734019912779331,0.14724278450012207,0.00011790400000000001,103
265628,269,733.8870431893596,1000.0,664.5725368841255,-0.012494510971009731,7.671724319458008,2.757437229156494,0.017462503165006638,0.2602912187576294,0.000117392,103
267184,270,349.5114006514563,1000.0,646.8863143119091,-0.004160869866609573,14.795217514038086,2.758021354675293,0.004804601427167654,0.9257157444953918,0.00011662400000000001,103
267848,271,394.80968858130433,1000.0,623.7006165033741,-0.010363848879933357,19.839323043823242,2.757758140563965,0.01611127331852913,0.6705118417739868,0.00011611199999999999,103
268340,272,698.5865724381518,1000.0,623.3509404138573,0.009209021925926208,8.248608589172363,2.7577223777770996,0.006601701490581036,0.8566309213638306,0.00011585599999999998,103
269632,273,602.9702970296963,1000.0,631.7124862458601,-0.016209924593567848,15.458820343017578,2.758193016052246,0.0063125938177108765,0.7701635956764221,0.000115344,103
271188,274,407.3529411764595,1000.0,588.8387578071166,0.0009641051292419434,3.336160659790039,2.758878231048584,0.008183067664504051,0.42294102907180786,0.00011457600000000001,103
271852,275,602.5089605734665,1000.0,581.082781012231,-0.0032493658363819122,36.6090202331543,2.7590863704681396,0.010237879119813442,0.1552342176437378,0.00011432,103
272344,276,594.4444444444341,1000.0,569.7301240073998,-0.0039314329624176025,27.199594497680664,2.759317636489868,0.007541934959590435,0.059651315212249756,0.000114064,103
273636,277,518.1229773462687,1000.0,555.8047168239949,-0.0048523470759391785,3.974536895751953,2.7592341899871826,0.013751015067100525,0.6644449234008789,0.00011329600000000001,104
275192,278,590.3914590747245,1000.0,549.2585784505321,-0.009049594402313232,5.106595039367676,2.7598140239715576,0.0075197359547019005,0.22339385747909546,0.00011252799999999999,104
275856,279,622.627737226268,1000.0,538.132647854223,-0.001722816377878189,39.0633544921875,2.760058879852295,0.00701578613370657,0.06732118129730225,0.00011227200000000001,104
276348,280,558.940397350987,1000.0,559.075547524176,-0.01742725633084774,34.0861930847168,2.760244369506836,0.024709220975637436,0.027892768383026123,0.000112016,104
277640,281,646.5753424657423,1000.0,584.25211291262,0.005412010475993156,10.077774047851562,2.760648727416992,0.014492700807750225,0.3808697462081909,0.00011124800000000002,104
279196,282,668.9768976897604,1000.0,581.2911454377806,-0.0004999451339244843,9.684722900390625,2.7611083984375,0.009991992264986038,0.3855860233306885,0.00011048,104
279860,283,534.8684210526199,1000.0,574.4809578400731,-0.003980334848165512,35.345462799072266,2.761199474334717,0.002866238821297884,0.7219604253768921,0.000110224,104
280352,284,694.0199335548086,1000.0,603.147657077908,-0.007634905166924,25.037151336669922,2.761226177215576,0.008448908105492592,0.8305495381355286,0.00010996800000000002,104
281644,285,683.050847457615,1000.0,611.2018457663229,-0.014198869466781616,16.290237426757812,2.761103868484497,0.006384026259183884,0.6850959062576294,0.0001092,104
283200,286,319.4630872483108,1000.0,583.7037100467105,-0.003124155104160309,30.561315536499023,2.7611641883850098,0.0016890993574634194,0.18883973360061646,0.00010843200000000001,105
283864,287,720.7885304659393,1000.0,603.9702653586776,0.0036083217710256577,32.34656524658203,2.761157989501953,0.0030258435290306807,-0.04342770576477051,0.000108176,105
284356,288,304.8442906574276,1000.0,575.4155485169479,-0.004924949258565903,51.55976867675781,2.7611160278320312,0.0038455931935459375,0.14669358730316162,0.00010792,105
285648,289,729.4573643410754,1000.0,586.0985112284286,-0.006121836602687836,11.965665817260742,2.76102352142334,0.007654431741684675,0.019520163536071777,0.00010740800000000001,105
287204,290,487.49999999999056,1000.0,578.954471493329,0.0037373434752225876,37.98714065551758,2.7607195377349854,0.0065252892673015594,0.8280347585678101,0.00010664000000000001,105
287868,291,376.3406940062958,1000.0,551.9310066473843,-0.012616593390703201,27.587360382080078,2.7606396675109863,0.011996614746749401,0.9045922756195068,0.000106128,105
288360,292,740.6374501991912,1000.0,559.0970618983274,-0.0038934610784053802,16.4783878326416,2.760606050491333,0.013050935231149197,0.9474983811378479,0.00010587199999999999,105
289652,293,139.86486486486945,1000.0,519.5967062795523,-0.0025971345603466034,13.618570327758789,2.7607197761535645,0.0034324489533901215,0.9275022745132446,0.00010536000000000001,105
291208,294,401.8450184501711,1000.0,490.3792147690886,-0.013253912329673767,37.21797180175781,2.760647773742676,0.009226307272911072,0.8690763711929321,0.00010459199999999999,105
291872,295,259.06040268455587,1000.0,447.98017029178266,-0.009168297052383423,16.20050048828125,2.7607502937316895,0.004931299481540918,0.9272910952568054,0.00010408,105
292364,296,144.7761194029895,1000.0,430.51147350725057,-0.00817861407995224,39.35343933105469,2.760711193084717,0.005506892688572407,0.8371680378913879,0.000103824,105
293656,297,477.46478873238476,1000.0,406.1790993338951,-0.0037720967084169388,19.034896850585938,2.7605996131896973,0.024392902851104736,0.788357675075531,0.00010331199999999999,106
295212,298,373.33333333332115,1000.0,413.0280036014845,-0.0010441765189170837,22.60518455505371,2.7607643604278564,0.0034142713993787766,0.835486650466919,0.000102544,106
295876,299,262.4161073825405,1000.0,366.32387790563104,-0.0027045775204896927,36.59090042114258,2.760822296142578,0.0015544299967586994,0.7763631939888,0.000102288,106
296368,300,382.2006472491903,1000.0,355.793942630551,0.0013572946190834045,47.871158599853516,2.7608628273010254,0.000774708460085094,0.7000812292098999,0.00010203200000000002,106
297660,301,153.37837837838248,1000.0,333.49771106775967,-0.00023370981216430664,23.488056182861328,2.7606940269470215,0.0015241489745676517,0.8567509055137634,0.000101264,106
299216,302,61.812297734630945,1000.0,265.61519582130364,-0.0031966939568519592,17.530061721801758,2.7607357501983643,0.0033311471343040466,0.8758973479270935,0.00010049600000000001,106
299880,303,357.0446735395193,1000.0,287.3331766887686,-0.014059729874134064,36.91901397705078,2.7606821060180664,0.005371537059545517,0.11650288105010986,0.00010024,106
300372,304,532.8671328671311,1000.0,300.4353881304646,-0.00905068963766098,29.593881607055664,2.7606756687164307,0.005159486550837755,0.24426990747451782,9.9984e-05,106
301664,305,673.02631578946,1000.0,341.831979440955,-0.002680819481611252,15.733695983886719,2.760899066925049,0.006813657470047474,0.9192411303520203,9.921600000000001e-05,106
303220,306,606.3197026022183,1000.0,387.9863377608779,-0.008236967027187347,13.845314025878906,2.7607741355895996,0.005239338614046574,0.938568115234375,9.8448e-05,106
303884,307,41.1411411411441,1000.0,344.3539730017538,-0.00850261002779007,17.299396514892578,2.7606217861175537,0.006052113138139248,0.9291031360626221,9.8192e-05,106
304376,308,311.7647058823406,1000.0,338.1971102566557,-0.005053795874118805,19.366806030273438,2.760307788848877,0.010205388069152832,0.8720710277557373,9.793599999999999e-05,107
305668,309,715.0684931506701,1000.0,383.4623488334687,0.004023635759949684,5.685194969177246,2.759685754776001,0.005235359072685242,0.9731766581535339,9.7168e-05,107
307224,310,173.02631578947816,1000.0,362.5449156874975,-0.012138394638895988,27.843017578125,2.7595224380493164,0.0034399270080029964,0.6089153289794922,9.640000000000001e-05,107
307888,311,455.555555555545,1000.0,392.7626334052138,-0.010954929515719414,25.466629028320312,2.7596018314361572,0.006841573864221573,0.6248629093170166,9.6144e-05,107
308380,312,328.1345565749155,1000.0,419.3948592892422,-0.02481697127223015,37.00642395019531,2.7596817016601562,0.0120316781103611,0.4118962287902832,9.5888e-05,107
309672,313,676.6666666666557,1000.0,451.3570586019558,8.74190591275692e-05,13.693675994873047,2.7596487998962402,0.008088800124824047,0.7309545278549194,9.537599999999999e-05,107
311228,314,835.2226720647598,1000.0,481.5926125217187,5.280226469039917e-05,30.493690490722656,2.7595489025115967,0.017008181661367416,0.640431821346283,9.4608e-05,107
311892,315,620.3947368420949,1000.0,476.32945462698217,-0.0017372854053974152,10.647427558898926,2.759648084640503,0.002448605839163065,0.8172118663787842,9.409600000000002e-05,107
312384,316,335.37414965986517,1000.0,449.23489933274686,-0.011899844743311405,34.61656951904297,2.759615659713745,0.005688529461622238,0.04289066791534424,9.384000000000001e-05,107
313676,317,745.8904109588887,1000.0,519.7098263145213,-0.004143409430980682,7.938148498535156,2.7594170570373535,0.013554386794567108,0.5734083652496338,9.3328e-05,107
315232,318,675.2442996742526,1000.0,556.0577856937126,-0.005936747416853905,15.385276794433594,2.7589259147644043,0.010502876713871956,0.23036885261535645,9.256000000000001e-05,107
315896,319,769.7318007662731,1000.0,561.5241164552729,0.005423981696367264,38.75600051879883,2.7586169242858887,0.01807798072695732,0.447471559047699,9.2304e-05,107
316388,320,726.2411347517616,1000.0,616.8455983515012,-0.004815336316823959,59.965824127197266,2.7584948539733887,0.006267828866839409,-0.052823543548583984,9.2048e-05,108
317680,321,747.0149253731199,1000.0,645.9915353332588,0.0022235121577978134,24.126001358032227,2.758481979370117,0.010585236363112926,0.9402267932891846,9.128000000000001e-05,108
319236,322,644.5255474452473,1000.0,677.6306344202919,-0.0023969020694494247,19.205821990966797,2.7582719326019287,0.00901414267718792,0.3020403981208801,9.051200000000002e-05,108
319900,323,790.2439024390144,1000.0,688.9883579975276,0.013782180845737457,34.90926742553711,2.7583279609680176,0.04519406333565712,0.16595059633255005,9.025600000000001e-05,108
320392,324,800.3436426116675,1000.0,685.5004550522185,0.0003945939242839813,36.530086517333984,2.758385181427002,0.004342362750321627,0.4866775870323181,8.999999999999999e-05,108
321684,325,522.9050279329522,1000.0,675.7514841613042,-0.018705058842897415,10.855034828186035,2.7583673000335693,0.007196010556071997,0.6455135345458984,8.9232e-05,108
323240,326,441.80602006687724,1000.0,686.3946712020054,-0.004914216697216034,25.144142150878906,2.7582595348358154,0.008108137175440788,0.13105249404907227,8.846399999999999e-05,108
323904,327,753.3333333333231,1000.0,687.1389634394488,-0.004507958889007568,58.02227020263672,2.7582993507385254,0.015541138127446175,0.283793568611145,8.8208e-05,108
324396,328,545.8333333333205,1000.0,674.1978668053556,-0.0063519603572785854,28.328689575195312,2.7583327293395996,0.001983474474400282,0.634020209312439,8.7952e-05,108
325688,329,628.8135593220204,1000.0,660.1060426609304,-0.0043388232588768005,22.265274047851562,2.7580888271331787,0.005652310326695442,0.8055226802825928,8.718400000000001e-05,108
327244,330,778.2051282051148,1000.0,665.3024420062659,-0.006679638288915157,28.252267837524414,2.7577097415924072,0.0010004338109865785,0.8253447413444519,8.6416e-05,108
327908,331,427.6752767527584,1000.0,633.3684771442296,-0.0026930011808872223,37.90789031982422,2.757714033126831,0.0004943853709846735,0.8398943543434143,8.615999999999999e-05,108
328400,332,459.0277777777647,1000.0,614.8187001774813,-0.009020932018756866,22.711393356323242,2.7577459812164307,0.007773456629365683,0.8543823957443237,8.590400000000001e-05,108
329692,333,608.7378640776639,1000.0,596.6680963413462,-0.008707666769623756,26.71933937072754,2.7577109336853027,0.006165012717247009,0.8389419317245483,8.5392e-05,109
331248,334,808.8050314465238,1000.0,597.514235224832,-0.007282499223947525,29.423627853393555,2.757772922515869,0.0021137725561857224,0.7432060241699219,8.462400000000001e-05,109
331912,335,373.5099337748309,1000.0,582.5747258090198,-0.011396951973438263,21.1524658203125,2.7579498291015625,0.0020762449130415916,0.953369677066803,8.4112e-05,109
332404,336,228.94736842104763,1000.0,561.2888606444369,-0.011851564049720764,37.41033172607422,2.758056640625,0.0038672920782119036,0.8789092898368835,8.385600000000002e-05,109
333696,337,243.04207119740073,1000.0,510.2597344308447,0.01004456914961338,14.185409545898438,2.75852632522583,0.019452836364507675,0.9658598899841309,8.334400000000001e-05,109
335252,338,380.12232415900905,1000.0,493.68863351341344,-0.007681091316044331,5.277872085571289,2.758854866027832,0.01807352341711521,0.985742449760437,8.257600000000002e-05,109
335916,339,550.349650349637,1000.0,485.8422426161751,-0.004771173000335693,8.408059120178223,2.7588765621185303,0.004252626094967127,0.9763714075088501,8.2064e-05,109
336408,340,293.50180505413664,1000.0,437.3719103010773,-0.0034281443804502487,39.71492004394531,2.7588658332824707,0.006482949014753103,0.8589304089546204,8.1808e-05,109
337700,341,539.0728476821071,1000.0,448.51166739401214,-0.011802973225712776,10.420141220092773,2.7590532302856445,0.008650596253573895,0.9722878932952881,8.1296e-05,109
339256,342,289.70588235292706,1000.0,431.5794778515284,-0.016578618437051773,27.07944107055664,2.7595138549804688,0.019601939246058464,0.9368315935134888,8.052799999999999e-05,109
339920,343,579.1808873719972,1000.0,428.6237801809617,-0.011636199429631233,23.37386703491211,2.759523630142212,0.002134354319423437,0.9436585903167725,8.0272e-05,109
340412,344,353.64238410594743,1000.0,383.1075154469041,-0.0005870489403605461,38.942718505859375,2.7595176696777344,0.00147919449955225,0.9268681406974792,8.0016e-05,109
341704,345,616.2162162162023,1000.0,407.3781436910412,0.010940827429294586,15.452055931091309,2.7598752975463867,0.04469621554017067,0.34825581312179565,7.924800000000001e-05,110
343260,346,856.043956043944,1000.0,470.08780245333094,-0.007559021934866905,26.16646385192871,2.760244607925415,0.012969370000064373,0.9538388252258301,7.848e-05,110
343924,347,833.3333333333177,1000.0,529.1169286669225,-0.0059424592182040215,63.07408905029297,2.760202169418335,0.0038940259255468845,0.8860971331596375,7.822399999999999e-05,110
344416,348,193.47826086956837,1000.0,510.45252233797856,0.005379475653171539,48.18705368041992,2.760072946548462,0.006438728421926498,0.9015070796012878,7.796800000000001e-05,110
345708,349,51.515151515155445,1000.0,460.5690724545303,-0.0063684661872684956,7.135870456695557,2.7600414752960205,0.0068178023211658,0.9880341291427612,7.719999999999999e-05,110
347264,350,490.64327485379215,1000.0,480.28321943449583,-0.015670400112867355,9.579060554504395,2.7599399089813232,0.012328511103987694,0.9784340262413025,7.6432e-05,110
347928,351,282.9113924050505,1000.0,454.6670739067902,-0.0004150792956352234,37.74645233154297,2.7598743438720703,0.008147336542606354,0.9149499535560608,7.6176e-05,110
348420,352,842.4460431654508,1000.0,509.94108998804256,-0.006812281906604767,16.59514045715332,2.759821891784668,0.01390537153929472,0.9617354869842529,7.591999999999999e-05,110
349712,353,487.0307167235339,1000.0,500.7260729231963,-0.012441730126738548,25.77328872680664,2.759854793548584,0.007111011538654566,0.9519140124320984,7.5152e-05,110
351268,354,566.6666666666528,1000.0,522.0285011792668,-0.006817111745476723,37.85948944091797,2.760373115539551,0.002695845440030098,0.9135156273841858,7.438400000000001e-05,110
351932,355,641.2140575079746,1000.0,524.528285308444,-0.025052832439541817,24.555383682250977,2.760305881500244,0.028006989508867264,0.9203051924705505,7.4128e-05,110
352424,356,463.90977443607414,1000.0,485.3148671476571,-0.001576872542500496,42.43826675415039,2.760206699371338,0.015979113057255745,0.9170915484428406,7.3872e-05,110
353716,357,309.240924092396,1000.0,432.9056262235648,-0.0054707154631614685,60.62590789794922,2.76015043258667,0.005353838670998812,0.725440502166748,7.336000000000002e-05,110
355272,358,517.543859649107,1000.0,465.3121861015187,-0.011453507468104362,31.684703826904297,2.759822368621826,0.00872398354113102,0.9208617806434631,7.259199999999999e-05,110
355936,359,308.39694656487774,1000.0,491.00036560649096,-0.010204168036580086,52.33638381958008,2.7598023414611816,0.009647997096180916,0.853863537311554,7.208e-05,111
356428,360,496.7741935483835,1000.0,491.61345747595016,-0.008772043511271477,66.84532165527344,2.759783983230591,0.007189413532614708,0.8199049234390259,7.1824e-05,111
357720,361,347.71241830064014,1000.0,498.09356006550905,-0.01023050956428051,29.157581329345703,2.759927749633789,0.01418546587228775,0.9628219604492188,7.131199999999998e-05,111
359276,362,73.28519855596139,1000.0,421.1774756045601,-0.008506081998348236,3.765740394592285,2.760122060775757,0.014609754085540771,0.9933018088340759,7.0544e-05,111
359940,363,87.50000000000492,1000.0,381.2244039322072,0.003562137484550476,30.154468536376953,2.760550022125244,0.020387258380651474,0.9059498906135559,7.003200000000001e-05,111
360432,364,231.01045296166575,1000.0,347.65878256170856,0.003562137484550476,30.154468536376953,2.760550022125244,0.020387258380651474,0.9059498906135559,7.003200000000001e-05,111
361724,365,232.1678321678256,1000.0,306.7541600276936,-0.004927109926939011,8.501890182495117,2.7606444358825684,0.008237197995185852,0.9785495400428772,6.926399999999999e-05,111
363280,366,165.37216828478995,1000.0,276.9003994125652,0.0005945153534412384,14.578420639038086,2.760676383972168,0.014543394558131695,0.9745720028877258,6.8496e-05,111
363944,367,41.50943396226727,1000.0,250.12725039955234,0.007049381732940674,23.534191131591797,2.7608394622802734,0.04041503369808197,0.9385067820549011,6.824e-05,111
364436,368,141.4965986394603,1000.0,212.52252429858768,-0.010510846972465515,21.206867218017578,2.761005401611328,0.02576354146003723,0.9533693790435791,6.798399999999999e-05,111
365728,369,343.6363636363488,1000.0,216.04646600573474,-0.012157665565609932,29.85798454284668,2.761056661605835,0.001613614265806973,0.920366108417511,6.7216e-05,111
367284,370,291.69139465874224,1000.0,195.53818611677065,-0.0002185031771659851,4.1559600830078125,2.760885238647461,0.007684142328798771,0.9900788068771362,6.644800000000001e-05,111
367948,371,-36.877076411960935,1000.0,157.07923664551052,-0.002971787005662918,29.890485763549805,2.7608253955841064,0.010695014148950577,0.9349390268325806,6.6192e-05,111
368440,372,84.66898954704305,1000.0,158.2176157446187,-0.004833774641156197,5.518664360046387,2.7608556747436523,0.014238628558814526,0.9870870113372803,6.5936e-05,111
369732,373,264.74164133737366,1000.0,175.9417798783556,-0.010484203696250916,9.255706787109375,2.76071834564209,0.007662949152290821,0.9782390594482422,6.516800000000001e-05,111
371288,374,203.37078651685405,1000.0,173.17781323387442,0.010723432525992393,13.625162124633789,2.7607932090759277,0.013772891834378242,0.9500170946121216,6.440000000000002e-05,112
371952,375,32.14285714285966,1000.0,153.1753157313778,0.021697621792554855,38.94294357299805,2.7607884407043457,0.05880416929721832,0.9099771976470947,6.4144e-05,112
372444,376,229.8245614035015,1000.0,159.62055504324897,-0.008609157055616379,52.26300048828125,2.7608165740966797,0.016821876168251038,0.8844801187515259,6.3888e-05,112
373736,377,160.31746031746482,1000.0,171.5013576787687,-0.010414615273475647,91.08277893066406,2.7607574462890625,0.0021707783453166485,0.8380759954452515,6.337599999999998e-05,112
375292,378,255.7046979865644,1000.0,182.92216761347913,0.0021540215238928795,14.526826858520508,2.7606024742126465,0.07935445010662079,0.9507009983062744,6.2608e-05,112
375956,379,85.18518518519005,1000.0,157.07704976836325,-0.005672861821949482,4.878638744354248,2.760375499725342,0.00389106129296124,0.9928290843963623,6.209600000000001e-05,112
376448,380,293.1034482758475,1000.0,157.2182551300738,0.002685803920030594,10.293909072875977,2.760366916656494,0.005660251714289188,0.9866788983345032,6.184e-05,112
377740,381,51.408450704229196,1000.0,166.04680784169278,-0.004034753888845444,14.166730880737305,2.760450839996338,0.002425005193799734,0.9725014567375183,6.132799999999999e-05,112
379296,382,391.46757679179365,1000.0,196.72666656616784,0.0029020924121141434,5.728667259216309,2.7606804370880127,0.05058462172746658,0.9879436492919922,6.056e-05,112
379960,383,345.85987261145067,1000.0,204.83848969357555,0.000584753230214119,1.2978730201721191,2.7608866691589355,0.00496465340256691,0.9978116750717163,6.004799999999999e-05,112
380452,384,175.6598240469257,1000.0,202.0673934465827,-0.005758635699748993,8.199037551879883,2.760993480682373,0.006560896523296833,0.9813113212585449,5.979200000000001e-05,112
381744,385,152.63157894737282,1000.0,214.11626562703404,-0.004131549037992954,25.248458862304688,2.7613258361816406,0.02006993442773819,0.9550973176956177,5.928e-05,112
383300,386,373.6842105263006,1000.0,228.50223053931396,-0.0023695393465459347,25.71343994140625,2.7616560459136963,0.014714275486767292,0.9449259042739868,5.851200000000001e-05,112
383964,387,784.2105263157737,1000.0,290.8915371391448,-0.0021635722368955612,27.387121200561523,2.76173734664917,0.004491344094276428,0.9124501943588257,5.8256000000000006e-05,112
384456,388,377.2036474164025,1000.0,303.0414320821286,-0.002403572201728821,61.74269104003906,2.7619125843048096,0.001487191766500473,0.8805867433547974,5.8e-05,112
385748,389,350.98039215684867,1000.0,329.6209527792945,-0.0033710822463035583,58.81196212768555,2.7620139122009277,0.004855332896113396,0.875084638595581,5.7232000000000004e-05,113
387304,390,502.8880866425845,1000.0,350.59941661596815,-0.011562440544366837,8.532730102539062,2.7623658180236816,0.011388249695301056,0.9905035495758057,5.6463999999999987e-05,113
387968,391,488.60759493670105,1000.0,394.31933103921534,-0.01459501776844263,61.003562927246094,2.762327194213867,0.014627711847424507,0.8953038454055786,5.620800000000001e-05,113
388460,392,311.9850187265779,1000.0,386.3710752326938,-0.015951599925756454,21.940696716308594,2.762279987335205,0.027501875534653664,0.9500240087509155,5.5952e-05,113
389752,393,356.74740484427775,1000.0,387.4598284559765,-0.006196824833750725,5.53322696685791,2.762322425842285,0.010908979922533035,0.9931661486625671,5.518400000000001e-05,113
391308,394,272.26277372261404,1000.0,397.12012342354535,-0.006365416571497917,21.933378219604492,2.7621281147003174,0.006954420357942581,0.9570952653884888,5.4415999999999995e-05,113
391972,395,498.56630824371405,1000.0,431.71359635317947,-9.148567914962769e-05,25.24822235107422,2.7620270252227783,0.008224940858781338,0.9588962197303772,5.416000000000002e-05,113
392464,396,134.42136498516797,1000.0,407.78731179906623,-0.00442899763584137,99.01751708984375,2.761970281600952,0.0021237852051854134,0.8038040995597839,5.390400000000001e-05,113
393756,397,504.65116279068513,1000.0,379.83137544655733,-0.00436561182141304,4.789367198944092,2.7619495391845703,0.008744144812226295,0.9905308485031128,5.313599999999999e-05,113
395312,398,-16.981132075472107,1000.0,340.41289749736995,-0.007717182859778404,15.567212104797363,2.762266159057617,0.005462787114083767,0.9622023105621338,5.2368e-05,113
395976,399,69.23076923077397,1000.0,312.23793520476244,-0.005264513194561005,13.174161911010742,2.7624077796936035,0.008400390855967999,0.96871018409729,5.211199999999999e-05,113
396468,400,473.28990228011764,1000.0,309.27811676851576,-0.015554136596620083,38.79737854003906,2.7625675201416016,0.003956657834351063,0.9149506688117981,5.185600000000001e-05,113
397760,401,406.6666666666529,1000.0,301.0840239415109,-0.013120569288730621,9.496545791625977,2.7625892162323,0.005092306062579155,0.9851347804069519,5.1344e-05,113
399316,402,681.8181818181698,1000.0,338.0673402506701,-0.002447463572025299,21.88616180419922,2.7621827125549316,0.006824720650911331,0.9579154253005981,5.057600000000001e-05,113
399980,403,461.64383561642563,1000.0,348.55698332788495,0.011385105550289154,21.943279266357422,2.76210618019104,0.017072400078177452,0.9656450748443604,5.0064e-05,113
400472,404,277.697841726605,1000.0,349.10049012828404,-0.007076796144247055,9.380859375,2.762350559234619,0.033625755459070206,0.9904568791389465,4.9807999999999995e-05,113
401764,405,215.0289017341052,1000.0,320.7467494773231,-0.013576499186456203,29.777034759521484,2.7626562118530273,0.007812980562448502,0.9457401037216187,4.929600000000001e-05,114
403320,406,561.9718309859024,1000.0,363.50179607739653,-0.019176796078681946,34.9398078918457,2.7625205516815186,0.0038027360569685698,0.7681841254234314,4.852799999999999e-05,114
403984,407,725.2788104089079,1000.0,385.56456083921887,-0.007386917248368263,36.06110763549805,2.762371301651001,0.007101336494088173,0.8159306049346924,4.8016e-05,114
404476,408,446.3576158940278,1000.0,431.89843563616876,-0.007386917248368263,36.06110763549805,2.762371301651001,0.007101336494088173,0.8159306049346924,4.8016e-05,114
405768,409,525.8503401360509,1000.0,477.5603927266966,-0.0043398477137088776,34.23283386230469,2.762294054031372,0.0020337481983006,0.7210073471069336,4.724800000000001e-05,114
407324,410,317.8082191780688,1000.0,462.0122244164916,-0.0057307034730911255,24.036510467529297,2.7625315189361572,0.0025160512886941433,0.08871722221374512,4.6479999999999995e-05,114
407988,411,722.58064516128,1000.0,493.60362226595436,-0.014072274789214134,76.04759216308594,2.7626023292541504,0.0031164526008069515,0.14292746782302856,4.622399999999999e-05,114
408480,412,650.88967971529,1000.0,490.51077205566634,-0.011633271351456642,87.7034912109375,2.76263165473938,0.009391801431775093,0.7862319946289062,4.596800000000001e-05,114
409772,413,249.25373134328416,1000.0,469.27176162835224,-0.003397432155907154,21.414581298828125,2.7626523971557617,0.001043395372107625,0.9484000205993652,4.5199999999999994e-05,114
411328,414,285.2140077820865,1000.0,470.02337823390036,-0.005661165341734886,5.708277702331543,2.7624735832214355,0.0027771564200520515,0.9905989766120911,4.4432e-05,114
411992,415,530.508474576262,1000.0,501.5713355181162,0.006180666387081146,26.386016845703125,2.7624006271362305,0.006462398916482925,0.9338055849075317,4.417599999999999e-05,114
412484,416,268.0555555555432,1000.0,472.17970797508013,-0.007695212960243225,66.63982391357422,2.7623186111450195,0.0011286165099591017,0.8868501782417297,4.3919999999999986e-05,114
413776,417,366.8874172185309,1000.0,436.3405686560424,-0.0025942064821720123,15.779939651489258,2.7621219158172607,0.0022537708282470703,0.9600609540939331,4.3151999999999996e-05,114
415332,418,583.0985915492901,1000.0,450.0146662215687,-0.01165226474404335,29.391189575195312,2.7619900703430176,0.010340040549635887,0.4610421061515808,4.2384000000000006e-05,114
415996,419,646.710526315777,1000.0,462.10068483954126,-0.006580660119652748,61.911598205566406,2.761880874633789,0.0040998514741659164,0.022515594959259033,4.2128e-05,114
416488,420,299.9999999999964,1000.0,460.31986292173406,-0.004056384786963463,38.19129180908203,2.761774778366089,0.0024497685953974724,0.4745081067085266,4.1871999999999995e-05,114
417780,421,521.7105263157788,1000.0,440.2328510371839,-0.012834034860134125,38.81968688964844,2.7619380950927734,0.006747881881892681,0.8409949541091919,4.136000000000001e-05,114
419336,422,206.25000000000284,1000.0,395.76888306565513,-0.0008651949465274811,9.511380195617676,2.762376308441162,0.004785593599081039,0.9821197390556335,4.033600000000001e-05,114
420000,423,363.33333333331933,1000.0,407.1768432646587,-0.002937963232398033,16.358394622802734,2.7625246047973633,0.0018966279458254576,0.9736030101776123,4.008e-05,114
420492,424,664.3097643097533,1000.0,445.08641891742536,-0.013786833733320236,15.971868515014648,2.7626726627349854,0.001841939054429531,0.9358177185058594,3.9824e-05,114
421784,425,567.7852348993156,1000.0,448.81409494973076,-0.006145644932985306,37.63820266723633,2.762901782989502,0.002170204883441329,0.7706100344657898,3.931200000000001e-05,115
423340,426,335.37414965985175,1000.0,455.5459543601616,-0.0108114555478096,39.096736907958984,2.763014793395996,0.0035780020989477634,0.8217040300369263,3.8543999999999996e-05,115
424004,427,665.1245551601291,1000.0,485.36966815432135,-0.0003478787839412689,44.72673416137695,2.763026714324951,0.012507515028119087,0.6388798952102661,3.803200000000001e-05,115
424496,428,787.5502008032006,1000.0,505.81482907971247,0.0006143096834421158,44.037864685058594,2.7630505561828613,0.0012918186839669943,0.8574286699295044,3.7776000000000006e-05,115
425788,429,622.8070175438439,1000.0,503.42447820251925,-0.011469228193163872,18.20138931274414,2.7631359100341797,0.008448846638202667,0.957962691783905,3.7263999999999994e-05,115
427344,430,270.10676156582315,1000.0,500.43515435910194,-0.004141293466091156,8.11149787902832,2.7632195949554443,0.0022753882221877575,0.9884213209152222,3.6496000000000004e-05,115
428008,431,861.4035087719134,1000.0,534.4044526047153,-0.0038743121549487114,20.697641372680664,2.763370990753174,0.002288223011419177,0.9373480677604675,3.623999999999999e-05,115
428500,432,767.3139158575908,1000.0,590.510844190474,-0.0010140631347894669,93.28711700439453,2.763461112976074,0.002710027387365699,0.47072339057922363,3.5983999999999986e-05,115
429792,433,546.8749999999936,1000.0,608.8650108571416,-0.010472796857357025,7.206575393676758,2.7637362480163574,0.004755915142595768,0.26988697052001953,3.5215999999999996e-05,115
431348,434,565.4545454545349,1000.0,598.9794889716197,-0.0009857797995209694,39.97058868408203,2.7638583183288574,0.0008610761724412441,0.8105836510658264,3.4448000000000006e-05,115
432012,435,287.6221498371223,1000.0,570.9631804654005,-0.0023824144154787064,67.5657958984375,2.763901948928833,0.002134412992745638,0.15360331535339355,3.4192e-05,115
432504,436,547.3829201101839,1000.0,592.1640575104336,-0.0033763274550437927,63.205284118652344,2.7639384269714355,0.0017606676556169987,0.34787434339523315,3.3935999999999995e-05,115
433796,437,780.866425992772,1000.0,603.7382445936979,-0.00315043143928051,7.898536682128906,2.7639083862304688,0.005342127755284309,-0.05569803714752197,3.3168000000000005e-05,115
435352,438,850.5703422053068,1000.0,610.0402587339084,-0.003210078924894333,8.559178352355957,2.764186382293701,0.004808741621673107,0.9819967746734619,3.2400000000000015e-05,115
436016,439,551.7241379310219,1000.0,602.9319707726262,-0.001986108720302582,61.62142562866211,2.7642769813537598,0.007540060207247734,0.8724576234817505,3.214400000000001e-05,115
436508,440,222.98136645962623,1000.0,598.2194312620065,-0.0066292136907577515,22.40656852722168,2.764374256134033,0.0006518138106912374,0.9273443818092346,3.1888000000000004e-05,115
437800,441,489.0909090908961,1000.0,560.9881712939048,0.0029904423281550407,5.1446757316589355,2.7647898197174072,0.010557125322520733,-0.15758061408996582,3.112000000000001e-05,115
439356,442,443.6893203883371,1000.0,528.6257117469796,-0.0031340178102254868,23.760770797729492,2.765106678009033,0.0031168139539659023,0.9601725935935974,3.035199999999999e-05,115
440020,443,326.05633802815726,1000.0,506.5438455497959,-0.0036341967061161995,15.98002815246582,2.765188455581665,0.001114897197112441,0.956007719039917,3.009600000000001e-05,115
440512,444,518.8925081433118,1000.0,501.88764181867356,-0.008056052029132843,3.884751319885254,2.765288829803467,0.0014007848221808672,0.969532310962677,2.9840000000000006e-05,115
441804,445,581.5476190476082,1000.0,531.2801887397221,-0.003684096038341522,12.740592002868652,2.765390396118164,0.007044524420052767,0.782081127166748,2.9327999999999994e-05,116
443360,446,344.0894568689983,1000.0,510.9508424156035,-0.01257631927728653,23.07693862915039,2.765652894973755,0.0069913193583488464,0.3386279344558716,2.856e-05,116
444024,447,754.7854785478461,1000.0,508.342747671111,-0.0038947351276874542,26.222633361816406,2.7657883167266846,0.0026766271330416203,0.7221255898475647,2.804799999999999e-05,116
444516,448,738.129496402862,1000.0,497.09866309086647,-0.005545619875192642,53.85808181762695,2.765805244445801,0.0022863943595439196,0.7590307593345642,2.779200000000001e-05,116
445808,449,342.3076923076828,1000.0,476.15701852853255,-0.008370749652385712,15.682929992675781,2.765678882598877,0.0024878992699086666,0.9410098195075989,2.728e-05,116
447364,450,435.83617747438933,1000.0,497.44249963000885,0.0013343654572963715,4.833254337310791,2.7655811309814453,0.0177460927516222,-0.04301190376281738,2.651200000000001e-05,116
448028,451,764.8648648648501,1000.0,525.0198952074044,-0.003663890063762665,7.963987350463867,2.7655792236328125,0.0005875886417925358,0.21015751361846924,2.5999999999999995e-05,116
448520,452,516.3934426229459,1000.0,532.2903074308653,-0.007545335218310356,59.2615852355957,2.765514850616455,0.002254099352285266,0.7539331912994385,2.574399999999999e-05,116
449812,453,735.0168350168215,1000.0,573.1863571297316,-0.009381486102938652,8.477001190185547,2.7655463218688965,0.006354120559990406,0.38794398307800293,2.5232000000000005e-05,116
451368,454,415.1515151515037,1000.0,562.8122578305508,-0.003713918849825859,27.393795013427734,2.765934467315674,0.0072973184287548065,0.9373729228973389,2.4464000000000015e-05,116
452032,455,441.80602006687957,1000.0,548.838097932478,-0.008098244667053223,75.36504364013672,2.7660250663757324,0.0036595037672668695,0.8582817316055298,2.420800000000001e-05,116
452524,456,426.3157894736717,1000.0,557.0607311929452,-0.00197400338947773,37.945350646972656,2.7660741806030273,0.00029654253739863634,0.8919804692268372,2.3952e-05,116
453816,457,267.0033670033558,1000.0,508.2825200384962,-0.008156387135386467,8.959585189819336,2.7661876678466797,0.004268795717507601,0.9836442470550537,2.318400000000001e-05,116
455372,458,651.908396946554,1000.0,499.6604100928654,-0.005945120006799698,18.79311752319336,2.7661917209625244,0.0017836902989074588,0.8288066983222961,2.2415999999999993e-05,116
456036,459,758.1818181818049,1000.0,541.2478226802776,-0.010219957679510117,35.04612731933594,2.76607084274292,0.005179576575756073,0.7824076414108276,2.2160000000000015e-05,116
456528,460,848.3394833948247,1000.0,582.4981532723212,-0.0012162607163190842,48.61793518066406,2.7660202980041504,0.0020246587228029966,0.29072457551956177,2.1904000000000006e-05,116
457820,461,808.4249084248992,1000.0,586.8541576283262,-0.006538656540215015,10.718215942382812,2.766122341156006,0.0033469065092504025,0.4660794138908386,2.113599999999999e-05,116
459376,462,559.3749999999906,1000.0,591.1523133660306,-0.005737751722335815,18.78041648864746,2.766035556793213,0.003401912050321698,0.7569965720176697,2.0368e-05,116
460040,463,780.149812734073,1000.0,595.6656111377557,-0.0025788024067878723,31.947498321533203,2.7659811973571777,0.0013476242311298847,0.652135968208313,2.011199999999999e-05,116
460532,464,678.156996587018,1000.0,621.9661592813072,-0.0009837867692112923,55.902320861816406,2.765946626663208,0.0014146482571959496,0.11897802352905273,1.9856000000000015e-05,116
461824,465,658.1699346405105,1000.0,643.6025507386702,-0.0038660895079374313,11.5079345703125,2.765761137008667,0.001061821123585105,0.8249788880348206,1.9344e-05,116
463380,466,761.7021276595646,1000.0,677.1411845572595,-0.004686616361141205,6.353246212005615,2.765651226043701,0.0005776169709861279,0.5034781694412231,1.8320000000000004e-05,117
464044,467,616.3636363636281,1000.0,712.0772114932868,-0.0031092073768377304,31.220684051513672,2.7656145095825195,0.0015178648754954338,0.9223798513412476,1.8064e-05,117
464536,468,543.7908496731922,1000.0,701.2654567659506,-0.0040785567834973335,40.41008758544922,2.7656264305114746,0.00113201467320323,0.15669476985931396,1.780799999999999e-05,117
465828,469,721.5488215488084,1000.0,697.602157102651,-0.0011578043922781944,5.626035213470459,2.7657034397125244,0.00039683026261627674,0.4818950295448303,1.7296000000000005e-05,117
467384,470,704.123711340193,1000.0,683.1805798971877,-0.003975728526711464,13.61973762512207,2.7658987045288086,0.0006051601376384497,0.5868998765945435,1.6527999999999988e-05,117
468048,471,586.2068965517116,1000.0,660.958778709869,-0.0032906755805015564,22.586917877197266,2.765897750854492,0.0003854543901979923,0.8366384506225586,1.6016000000000004e-05,117
468540,472,544.012944983812,1000.0,659.4225732082512,-0.0008618123829364777,45.83677673339844,2.7658863067626953,0.0016673416830599308,0.7605904936790466,1.5759999999999998e-05,117
469832,473,484.37499999999034,1000.0,629.8450919348428,-0.00264015793800354,4.395569324493408,2.765957832336426,0.00290676043368876,-0.36756300926208496,1.5248000000000012e-05,117
471388,474,682.1782178217742,1000.0,630.2472140583185,0.005548495799303055,5.0742645263671875,2.7659850120544434,0.0009655632311478257,-0.11185777187347412,1.4479999999999994e-05,117
472052,475,638.5620915032547,1000.0,628.286429744593,-0.0031342292204499245,21.3626651763916,2.7659804821014404,0.0002351030707359314,0.7061000466346741,1.4223999999999986e-05,117
472544,476,703.9867109634466,1000.0,622.5148880749812,-0.002978350967168808,33.40306854248047,2.765963077545166,0.00047994893975555897,0.7441318035125732,1.396800000000001e-05,117
473836,477,606.2499999999903,1000.0,621.5035244386173,-0.0009057391434907913,4.328001022338867,2.7661008834838867,0.001727607799693942,0.4134039282798767,1.319999999999999e-05,117
475392,478,720.5128205128095,1000.0,639.175721522579,9.385496377944946e-05,10.365150451660156,2.7662577629089355,0.00046426383778452873,-0.4272395372390747,1.2431999999999999e-05,117
476056,479,772.3404255319049,1000.0,644.2548819208886,0.0007255172822624445,38.110450744628906,2.766317367553711,0.00032093399204313755,0.2249084711074829,1.2175999999999993e-05,117
476548,480,721.5613382899509,1000.0,645.9986446158645,-0.0034026727080345154,41.222129821777344,2.7663722038269043,0.0007805436616763473,0.15118706226348877,1.1919999999999986e-05,117
477840,481,530.9148264984095,1000.0,640.4694376105342,-0.0035987496376037598,10.204069137573242,2.766484260559082,0.0005234119016677141,0.10292261838912964,1.1151999999999996e-05,117
479396,482,827.9661016949017,1000.0,668.8647532816433,-0.0009397557005286217,16.321086883544922,2.7664859294891357,0.0003953883424401283,0.06428855657577515,1.0384000000000004e-05,117
480060,483,854.1984732824337,1000.0,705.8471006098875,-0.004124870523810387,67.08222961425781,2.7665138244628906,0.0002775220200419426,0.060771048069000244,1.0127999999999999e-05,117
480552,484,721.1920529801243,1000.0,709.7484841257227,0.0007964968681335449,61.34332275390625,2.766531467437744,0.0003005592152476311,0.2879723310470581,9.871999999999993e-06,117
481844,485,355.0561797752803,1000.0,681.3978929529253,-0.0055115679278969765,6.173854351043701,2.766474723815918,0.0004856581799685955,-1.3901171684265137,9.104000000000001e-06,117
483400,486,759.5890410958771,1000.0,686.9581259661684,-5.313009023666382e-05,10.439273834228516,2.7666285037994385,0.0005341996438801289,0.20245873928070068,8.33600000000001e-06,117
484064,487,687.974683544295,1000.0,695.1305943205987,-0.0044391825795173645,42.12043762207031,2.7666893005371094,0.000631948933005333,0.2043941617012024,8.080000000000004e-06,117
484556,488,839.8496240601347,1000.0,707.0642746753313,-0.0002484656870365143,36.65021514892578,2.766737937927246,0.0007617131341248751,0.22034776210784912,7.823999999999998e-06,117
485848,489,545.6140350877058,1000.0,684.3916356309112,-0.0028046444058418274,11.356999397277832,2.7667691707611084,0.0003420326393097639,0.9662604331970215,7.312000000000013e-06,117
487404,490,364.39628482971176,1000.0,648.6751302848874,-0.0030829403549432755,7.145650863647461,2.76676869392395,0.0003871412482112646,0.9816398620605469,6.5439999999999944e-06,117
488068,491,736.298932384332,1000.0,669.2135408734796,0.0021913573145866394,9.725075721740723,2.766726016998291,0.0003998092142865062,0.9783750772476196,6.032000000000009e-06,117
488560,492,433.12302839115466,1000.0,629.729233543105,-0.0008288193494081497,48.272003173828125,2.7667288780212402,0.00013326737098395824,0.848680853843689,5.776000000000004e-06,117
489852,493,841.6058394160434,1000.0,628.4699701564659,0.00015923380851745605,9.966522216796875,2.7667744159698486,3.646453842520714e-05,0.3529238700866699,5.263999999999991e-06,117
491408,494,803.2258064516003,1000.0,636.6733455036135,-0.0009200796484947205,19.309091567993164,2.7667503356933594,0.00018097390420734882,0.6491590738296509,4.496e-06,118
492072,495,517.8343949044448,1000.0,652.95116701653,-0.0034934943541884422,13.248844146728516,2.76678729057312,0.00021601282060146332,0.30896568298339844,3.983999999999988e-06,118
492564,496,843.999999999987,1000.0,661.3922629069409,-0.00019827485084533691,32.35045623779297,2.766794204711914,7.229670882225037e-05,0.08627098798751831,3.728000000000009e-06,118
493856,497,829.3286219081136,1000.0,675.5276567433228,0.0011344514787197113,11.737115859985352,2.7668073177337646,0.00017746002413332462,0.31180429458618164,3.215999999999997e-06,118
495412,498,819.5402298850488,1000.0,673.4967173258142,-0.0010881200432777405,22.831157684326172,2.7668323516845703,0.00010259682312607765,0.7338131070137024,2.4480000000000056e-06,118
496076,499,630.6122448979454,1000.0,681.9965383068381,-0.0009329970926046371,79.25839233398438,2.7668392658233643,0.00011034635826945305,0.36528223752975464,2.1919999999999995e-06,118
496568,500,470.57057057056215,1000.0,692.6139668809232,0.0001594647765159607,59.23836135864258,2.7668399810791016,0.00010422524064779282,0.11430376768112183,1.9359999999999934e-06,118
497860,501,553.8461538461444,1000.0,674.3686890271044,-0.0004026899114251137,33.020050048828125,2.766846179962158,0.00011775246821343899,0.5516633987426758,1.1680000000000024e-06,118
499416,502,534.8684210526197,1000.0,684.543228293251,-4.5767053961753845e-05,10.777080535888672,2.766852855682373,3.868946805596352e-06,-0.2937643527984619,4.0000000000001147e-07,118
500080,503,826.3565891472787,1000.0,683.0183032663746,-2.627260982990265e-06,42.65401077270508,2.766852855682373,2.1497253328561783e-06,0.10671126842498779,1.4400000000000523e-07,118
